date,url,x1,x2,label,tags,지점,평균기온..C.,최저기온..C.,최고기온..C.
2018-01-01,//image.musinsa.com/mfile_s01/_street_images/39900/280.street_img_view25a5c877212c54.jpg?,0.024738378,-0.027769215,0,"['미디스커트', '하의', '체크']",108,-1.3,-5.1,3.8
2018-01-03,//image.musinsa.com/mfile_s01/_street_images/45393/280.street_img_view15b441fc292a09.jpg?20180709141156,-0.008785488000000001,-0.026394325,4,"['스커트', '베이지', '하의', '베이지색', '심플', '캐주얼']",108,-4.7,-7.1,-0.4
2018-01-04,//image.musinsa.com/mfile_s01/_street_images/40064/280.street_img_view25a587946cf62c.jpg?20180117093309,0.047222099000000003,-0.006713204,0,"['트랙팬츠', '하의', '파랑색', '스트리트', '힙합']",108,-4.7,-8.7,-0.7
2018-01-04,//image.musinsa.com/mfile_s01/_street_images/45459/280.street_img_view15b46a8b7bca45.jpg?,0.023109692999999997,-0.035248309,4,"['데님', '쇼츠', '하의', '데님', '심플', '캐주얼']",108,-4.7,-8.7,-0.7
2018-01-04,//image.musinsa.com/mfile_s01/_street_images/49213/280.street_img_view25c1af11c0c02b.jpg?,0.010726912,-0.031179172999999998,4,"['데님스커트', '하의', '데님', '심플', '캐주얼']",108,-4.7,-8.7,-0.7
2018-01-04,//image.musinsa.com/mfile_s01/_street_images/40972/280.street_img_view25a83a146e0ddc.jpg?,0.030372415,-0.008755928,0,"['팬츠', '블랙', '하의', '검정색', '스트리트', '힙합']",108,-4.7,-8.7,-0.7
2018-01-06,//image.musinsa.com/mfile_s01/_street_images/39815/280.street_img_view25a434162a398f.jpg?20180111191150,0.031916068,-0.003404675,0,"['스커트', '레드', '하의', '빨간색', '유니크', '키치']",108,-2.8,-6.8,2.9
2018-01-08,//image.musinsa.com/mfile_s01/_street_images/44652/280.street_img_view25b0ce27cd5698.jpg?,0.029080525,-0.007216546999999999,0,"['슬랙스', '블랙', '하의', '검정색', '스트리트', '힙합']",108,1.3,-1.2,4.0
2018-01-08,//image.musinsa.com/mfile_s01/_street_images/44690/280.street_img_view25b2881770bbe4.jpg?20180619180259,-0.006819819,-0.021679307000000002,4,"['슬랙스', '하의', '검정색', '심플', '캐주얼']",108,1.3,-1.2,4.0
2018-01-09,//image.musinsa.com/mfile_s01/_street_images/40448/280.street_img_view25a699d808a91d.jpg?,0.051824170999999995,-0.016134273,0,"['데님스커트', '하의', '데님', '스트리트', '힙합']",108,-4.2,-6.1,-1.2
2018-01-09,//image.musinsa.com/mfile_s01/_street_images/45717/280.street_img_view25b58486119026.jpg?20180726111433,0.03023407,-0.009734307,0,"['미디스커트', '하의', '도트', '섹시', '페미닌']",108,-4.2,-6.1,-1.2
2018-01-12,//image.musinsa.com/mfile_s01/_street_images/45988/280.street_img_view25b6973fbeb49d.jpg?,-0.002612228,-0.020897822,4,"['스커트', '블랙', '하의', '검정색', '심플', '캐주얼']",108,-10.2,-15.3,-5.4
2018-01-16,//image.musinsa.com/mfile_s01/_street_images/44338/280.street_img_view25b025e502f055.jpg?,0.031264486,-0.001490279,0,"['와이드팬츠', '오렌지', '하의', '주황색', '스트리트', '힙합']",108,3.5,0.1,6.8
2018-01-16,//image.musinsa.com/mfile_s01/_street_images/41546/280.street_img_view15aa109837ba65.jpg?,-0.009769657,0.0007037739999999999,2,"['팬츠', '화이트', '하의', '흰색', '심플', '캐주얼']",108,3.5,0.1,6.8
2018-01-17,//image.musinsa.com/mfile_s01/_street_images/48170/280.street_img_view25bebe728cb7c4.jpg?20181115135805,-0.012108446,-0.025161503999999998,1,"['치노팬츠', '하의', '베이지색', '심플', '캐주얼']",108,4.5,2.4,8.7
2018-01-18,//image.musinsa.com/mfile_s01/_street_images/46563/280.street_img_view25b88aa6fd586b.jpg?20180831115510,0.037749826,0.000377039,0,"['벨루어 플리스 팬츠', '뉴에라', '하의', '빨간색', '스트리트', '힙합']",108,2.1,0.3,4.5
2018-01-18,//image.musinsa.com/mfile_s01/_street_images/45639/280.street_img_view25b501d3c87a7d.jpg?20180719174242,0.039861005,-0.025909274,0,"['데님팬츠', 'DENIM', 'PANTS', '하의']",108,2.1,0.3,4.5
2018-01-18,//image.musinsa.com/mfile_s01/_street_images/49137/280.street_img_view25c19ac9737d55.jpg?20181219113125,0.013751253,-0.028234612000000003,4,"['데님팬츠', '하의', '데님', '분홍색', '심플', '캐주얼']",108,2.1,0.3,4.5
2018-01-19,//image.musinsa.com/mfile_s01/_street_images/47382/280.street_img_view15bbf1e5590710.jpg?20181011092946,0.015615908000000001,-0.0036998359999999997,4,"['원피스', '핑크', '하의', '분홍색']",108,1.0,-2.5,5.5
2018-01-19,//image.musinsa.com/mfile_s01/_street_images/39744/280.street_img_view25a53367e011f1.jpg?20171226092514,0.048828259000000006,-0.018768306999999998,0,"['데님팬츠', '블랙', '하의', '데님', '스트리트', '힙합']",108,1.0,-2.5,5.5
2018-01-22,//image.musinsa.com/mfile_s01/_street_images/45649/280.street_img_view25b55411128c2d.jpg?,-0.0014130129999999999,-0.014090901999999999,4,"['쇼츠', '하의', '검정색', '스프라이트', '심플', '캐주얼']",108,0.2,-5.3,4.0
2018-01-22,//image.musinsa.com/mfile_s01/_street_images/45622/280.street_img_view25b5025c93056b.jpg?20180719171550,0.023451827,-0.011561486000000001,0,"['워크', '팬츠', '하의', '녹색', '섹시', '페미닌']",108,0.2,-5.3,4.0
2018-01-31,//image.musinsa.com/mfile_s01/_street_images/39732/280.street_img_view25a5339e859f01.jpg?,0.027938162000000002,-0.016824035,0,"['팬츠', '체크', '하의', '체크', '스트리트', '힙합']",108,-2.6,-5.2,0.0
2018-02-05,//image.musinsa.com/mfile_s01/_street_images/40876/280.street_img_view15a7849106f12c.jpg?20180205213457,0.045804812,-0.014680351999999999,0,"['스커트', '본챔스', '하의', '데님', '스트리트', '힙합']",108,-9.4,-11.8,-5.1
2018-02-07,//image.musinsa.com/mfile_s01/_street_images/45531/280.street_img_view25b4d6d2260f01.jpg?,0.018065161,-0.033204799,4,"['오버롤', '데님', '하의', '데님', '심플', '캐주얼']",108,-8.0,-13.4,-1.6
2018-02-07,//image.musinsa.com/mfile_s01/_street_images/40921/280.street_img_view25a8161dd1d7e2.jpg?,-0.005934971,-0.009394851,4,"['코듀로이', '팬츠', '하의', '흰색', '심플', '캐주얼']",108,-8.0,-13.4,-1.6
2018-02-12,//image.musinsa.com/mfile_s01/_street_images/46449/280.street_img_view25b8cd33574a51.jpg?,0.028784603,-0.01103045,0,"['스커트', '하의', '스프라이트']",108,-5.8,-9.6,-1.8
2018-02-17,//image.musinsa.com/mfile_s01/_street_images/45370/280.street_img_view25b3dba14f0f83.jpg?,0.015635933,-0.029561594,4,"['청바지', '블루', '하의', '데님', '심플', '캐주얼']",108,-3.0,-7.1,1.4
2018-02-18,//image.musinsa.com/mfile_s01/_street_images/48585/280.street_img_view25bf25d6e3bbd3.jpg?,0.030372415,-0.008755928,0,"['팬츠', '블랙', '하의', '검정색', '스트리트', '힙합']",108,-0.4,-4.9,5.2
2018-02-18,//image.musinsa.com/mfile_s01/_street_images/48875/280.street_img_view15c089d48d736b.jpg?,0.01687747,-0.035541426,4,"['데님팬츠', '하의', '데님', '심플', '캐주얼']",108,-0.4,-4.9,5.2
2018-02-18,//image.musinsa.com/mfile_s01/_street_images/44676/280.street_img_view15b28823795f14.jpg?20180619172546,0.029712322000000003,-0.00949422,0,"['미니스커트', '하의', '애니멀', '섹시', '페미닌']",108,-0.4,-4.9,5.2
2018-02-20,//image.musinsa.com/mfile_s01/_street_images/44935/280.street_img_view25b1e38b60504c.jpg?20180611185709,0.049607085999999995,-0.026539017,0,"['데님팬츠', '블루', '하의', '데님', '섹시', '페미닌']",108,0.9,-2.4,5.5
2018-02-22,//image.musinsa.com/mfile_s01/_street_images/40512/280.street_img_view25a6adb6844a37.jpg?20180126172923,0.039682872,-0.004154102,0,"['조거팬츠', '하의', '검정색', '스트리트', '힙합']",108,1.3,-3.9,5.4
2018-02-22,//image.musinsa.com/mfile_s01/_street_images/48253/280.street_img_view25bf64c55750b5.jpg?20181122171943,0.024185677000000003,-0.006743075,0,"['카고팬츠', '하의', '기타패턴', '유니크', '키치']",108,1.3,-3.9,5.4
2018-02-22,//image.musinsa.com/mfile_s01/_street_images/41322/280.street_img_view25a968f810b3b7.jpg?,0.009800168,-0.024111071,4,"['팬츠', '체크', '하의', '체크', '포멀', '클래식']",108,1.3,-3.9,5.4
2018-03-04,//image.musinsa.com/mfile_s01/_street_images/42700/280.street_img_view25ab8a729eb88e.jpg?20180326200233,0.029917989,-0.01422766,0,"['머메이드', '스커트', '하의', '노란색']",108,9.8,7.6,11.9
2018-03-05,//image.musinsa.com/mfile_s01/_street_images/46927/280.street_img_view25bc3e048363d8.jpg?,0.036546506,-0.009471828,0,"['널디', '팬츠', '하의', '파랑색', '스트리트', '힙합']",108,5.5,1.3,11.4
2018-03-06,//image.musinsa.com/mfile_s01/_street_images/46388/280.street_img_view15b8666f2bb874.jpg?20180822115014,0.042243814000000005,-0.006835214,0,"['스커트', '카무플라주', '하의', '카모', '스트리트', '힙합']",108,4.5,-1.1,10.9
2018-03-07,//image.musinsa.com/mfile_s01/_street_images/48890/280.street_img_view25c0731ed6a150.jpg?,-0.015200146999999999,-0.027392017,1,"['코듀로이팬츠', '브라운', '하의', '갈색', '심플', '캐주얼']",108,6.4,2.2,10.7
2018-03-09,//image.musinsa.com/mfile_s01/_street_images/41632/280.street_img_view15aa62a615caea.jpg?,0.035181829,-0.009073908,0,"['트랙팬츠', '그레이', '하의', '회색', '스트리트', '힙합']",108,4.5,1.4,9.6
2018-03-13,//image.musinsa.com/mfile_s01/_street_images/47885/280.street_img_view25bea345256288.jpg?20181113175904,0.01687747,-0.035541426,4,"['데님팬츠', '하의', '데님', '심플', '캐주얼']",108,12.4,5.2,18.8
2018-03-19,//image.musinsa.com/mfile_s01/_street_images/44670/280.street_img_view15b0ce14d61002.jpg?,0.029272764,-0.006974816,0,"['와이드팬츠', '블랙', '하의', '검정색', '스트리트', '힙합']",108,8.0,6.2,10.4
2018-03-20,//image.musinsa.com/mfile_s01/_street_images/46051/280.street_img_view25b72b37b7caa3.jpg?20180814225509,-0.013265163,0.004518119,2,"['화이트', 'SNEAKER', '하의', '흰색', '심플', '캐주얼']",108,4.7,1.6,9.1
2018-03-20,//image.musinsa.com/mfile_s01/_street_images/49320/280.street_img_view25c204a35652d3.jpg?20181224102806,0.044223045999999995,-0.024870173,0,"['데님팬츠', '하의', '데님', '유니크', '키치']",108,4.7,1.6,9.1
2018-03-21,//image.musinsa.com/mfile_s01/_street_images/45612/280.street_img_view25b4f01c64813c.jpg?,0.027611191,-0.004969106,0,"['트레이닝팬츠', '블랙', '하의', '검정색', '스트리트', '힙합']",108,2.1,1.1,5.3
2018-03-23,//image.musinsa.com/mfile_s01/_street_images/47285/280.street_img_view15bb7399479f5b.jpg?20181005194230,0.0301062,-0.012474579,0,"['스탠다드 스웨트 팬츠', '멜란지마스터', '하의', '파랑색']",108,6.1,1.8,12.5
2018-03-24,//image.musinsa.com/mfile_s01/_street_images/45452/280.street_img_view25b45c6882627f.jpg?20180711104043,0.021165918,-0.017966425,4,"['팬츠', '브라운', '하의', '갈색', '스트리트', '힙합']",108,7.6,4.0,13.1
2018-03-24,//image.musinsa.com/mfile_s01/_street_images/42537/280.street_img_view25ac350ce87513.jpg?20180411182403,0.038629929,-0.00388814,0,"['이에스씨 스튜디오', 'pants', '하의', '보라색', '스트리트', '힙합']",108,7.6,4.0,13.1
2018-03-25,//image.musinsa.com/mfile_s01/_street_images/47096/280.street_img_view25bc45565dc822.jpg?20180926201052,0.027968374,-0.011511986,0,"['와이드', '부츠컷', '팬츠', '하의', '섹시', '페미닌']",108,9.6,4.6,16.9
2018-03-26,//image.musinsa.com/mfile_s01/_street_images/40981/280.street_img_view25a83b74e16b38.jpg?20180209020006,0.022429001,-0.017570898999999997,0,"['스커트', '브라운', '하의', '갈색', '스트리트', '힙합']",108,11.0,5.3,18.1
2018-03-26,//image.musinsa.com/mfile_s01/_street_images/45245/280.street_img_view25b32020e48b89.jpg?,0.018328264,-0.033760677999999995,4,"['디스트로이드진', '데님', '하의', '데님', '심플', '캐주얼']",108,11.0,5.3,18.1
2018-03-26,//image.musinsa.com/mfile_s01/_street_images/39802/280.street_img_view25a558c1ea7b56.jpg?,-0.008035897,-0.025860171,4,"['코듀로이', '팬츠', '하의', '갈색', '심플', '캐주얼']",108,11.0,5.3,18.1
2018-03-29,//image.musinsa.com/mfile_s01/_street_images/45792/280.street_img_view25b60276e0a35e.jpg?,0.030372415,-0.008755928,0,"['팬츠', '블랙', '하의', '검정색', '스트리트', '힙합']",108,15.4,11.8,21.1
2018-03-29,//image.musinsa.com/mfile_s01/_street_images/44517/280.street_img_view25b0fa14b4a4d1.jpg?20180525185925,0.041531912000000004,0.000896659,0,"['멜란지마스터', '하의', '보라색', '스트리트', '힙합']",108,15.4,11.8,21.1
2018-03-30,//image.musinsa.com/mfile_s01/_street_images/44643/280.street_img_view25b0ce3bba271f.jpg?,0.050403776,-0.026039686,0,"['데님팬츠', '하의', '데님', '섹시', '페미닌']",108,14.8,9.8,21.9
2018-04-01,//image.musinsa.com/mfile_s01/_street_images/45467/280.street_img_view25b46a6c7cdb63.jpg?,0.036919674,-0.000323904,0,"['카고팬츠', '하의', '주황색', '스트리트', '힙합']",108,15.6,11.7,18.5
2018-04-02,//image.musinsa.com/mfile_s01/_street_images/42925/280.street_img_view25ae0402456a7b.jpg?,0.035496952000000005,-0.004447168,0,"['카고팬츠', '하의', '검정색', '스트리트', '힙합']",108,18.4,14.9,23.7
2018-04-05,//image.musinsa.com/mfile_s01/_street_images/44378/280.street_img_view25b025ecbe935e.jpg?,0.04702453400000001,-0.00420875,0,"['카고팬츠', '카모', '하의', '카모', '스트리트', '힙합']",108,7.6,6.7,9.5
2018-04-05,//image.musinsa.com/mfile_s01/_street_images/40533/280.street_img_view25a6acef82ed4a.jpg?,0.024738378,-0.027769215,0,"['미디스커트', '하의', '체크']",108,7.6,6.7,9.5
2018-04-05,//image.musinsa.com/mfile_s01/_street_images/40058/280.street_img_view25a587a2968dfd.jpg?,0.040652355,-0.007033401,0,"['스커트', '레드', '하의', '빨간색']",108,7.6,6.7,9.5
2018-04-05,//image.musinsa.com/mfile_s01/_street_images/43712/280.street_img_view25ae15595a998e.jpg?,-0.000848117,-0.020902755,4,"['슬랙스', '네이비', '하의', '파랑색', '심플', '캐주얼']",108,7.6,6.7,9.5
2018-04-08,//image.musinsa.com/mfile_s01/_street_images/45432/280.street_img_view15b45c96f2ad2a.jpg?,0.027690685,0.016847491000000003,3,"['조거팬츠', '화이트', '하의', '흰색', '스트리트', '힙합']",108,3.9,0.6,7.9
2018-04-09,//image.musinsa.com/mfile_s01/_street_images/46386/280.street_img_view25b864cffa7f30.jpg?20180822114958,0.024210527000000003,-0.007813101,0,"['스커트', '핑크', '하의', '분홍색', '섹시', '페미닌']",108,7.9,0.1,15.4
2018-04-09,//image.musinsa.com/mfile_s01/_street_images/44776/280.street_img_view25b150535df03d.jpg?20180604190147,0.0060022109999999995,-0.028387125,4,"['유니폼브릿지', '하의', '데님', '심플', '캐주얼']",108,7.9,0.1,15.4
2018-04-10,//image.musinsa.com/mfile_s01/_street_images/40386/280.street_img_view25a68212e094dd.jpg?,0.047300172,-0.007570833000000001,0,"['팬츠', '카모', '하의', '카모', '스트리트', '힙합']",108,15.1,6.9,21.9
2018-04-12,//image.musinsa.com/mfile_s01/_street_images/46057/280.street_img_view25b6ab51725fb4.jpg?,0.034859847,-0.008384009,0,"['쇼츠', '블랙', '하의', '검정색', '스트리트', '힙합']",108,13.3,6.8,19.6
2018-04-12,//image.musinsa.com/mfile_s01/_street_images/45512/280.street_img_view15b4c52f801aca.jpg?,-0.006185271,-0.019218123,4,"['배기팬츠', '하의', '검정색', '심플', '캐주얼']",108,13.3,6.8,19.6
2018-04-19,//image.musinsa.com/mfile_s01/_street_images/44512/280.street_img_view25b0fa34f2d849.jpg?20180525190245,0.036884736,0.00023010200000000001,0,"['멜란지마스터', '하의', '분홍색', '스트리트', '힙합']",108,14.0,7.4,20.5
2018-04-20,//image.musinsa.com/mfile_s01/_street_images/43568/280.street_img_view25af5742645d54.jpg?,0.027938162000000002,-0.016824035,0,"['체크', '팬츠', '하의', '체크', '스트리트', '힙합']",108,18.4,11.0,26.3
2018-04-25,//image.musinsa.com/mfile_s01/_street_images/45430/280.street_img_view25b45c9e3bb304.jpg?,0.01687747,-0.035541426,4,"['데님팬츠', '하의', '데님', '심플', '캐주얼']",108,14.6,5.7,23.3
2018-04-25,//image.musinsa.com/mfile_s01/_street_images/45590/280.street_img_view25b4e8c070968c.jpg?,0.015635933,-0.029561594,4,"['청바지', '블루', '하의', '데님', '심플', '캐주얼']",108,14.6,5.7,23.3
2018-04-26,//image.musinsa.com/mfile_s01/_street_images/46083/280.street_img_view25b6aa7304f8af.jpg?,0.017686734,-0.024803617000000003,4,"['스커트', '아이보리', '하의', '베이지색']",108,14.9,10.0,22.1
2018-04-27,//image.musinsa.com/mfile_s01/_street_images/43794/280.street_img_view25ae2f1a77fa33.jpg?,0.024199151000000002,-0.014252431000000001,0,"['팬츠', '베이지', '하의', '베이지색', '스트리트', '힙합']",108,15.7,9.7,23.3
2018-05-01,//image.musinsa.com/mfile_s01/_street_images/48133/280.street_img_view25bebeb5ea5248.jpg?20181115115927,0.017512403,-0.031902593,4,"['디스진', '데님팬츠', '하의', '데님', '심플', '캐주얼']",108,20.4,17.8,23.3
2018-05-01,//image.musinsa.com/mfile_s01/_street_images/49242/280.street_img_view25c232f1d568ff.jpg?20181226181500,0.01687747,-0.035541426,4,"['데님팬츠', '하의', '데님', '심플', '캐주얼']",108,20.4,17.8,23.3
2018-05-01,//image.musinsa.com/mfile_s01/_street_images/48930/280.street_img_view25c072faba0102.jpg?20181205001343,-0.00362939,-0.025102352,4,"['팬츠', ' 체크', '하의', '체크', '심플', '캐주얼']",108,20.4,17.8,23.3
2018-05-02,//image.musinsa.com/mfile_s01/_street_images/46848/280.street_img_view25b9f1803b7fc0.jpg?,-0.0047025159999999995,-0.022282341,4,"['블랙', '와이드팬츠', '하의', '심플', '캐주얼']",108,15.1,8.7,19.7
2018-05-02,//image.musinsa.com/mfile_s01/_street_images/42740/280.street_img_view25ab8ac3431d81.jpg?20180326172632,-0.006589126,-0.021389235,4,"['와이드팬츠', '하의', '검정색', '심플', '캐주얼']",108,15.1,8.7,19.7
2018-05-03,//image.musinsa.com/mfile_s01/_street_images/43946/280.street_img_view25aeaf31f4427a.jpg?,-0.005167202,-0.019753963,4,"['슬랙스', '블랙', '하의', '검정색', '심플', '캐주얼']",108,11.2,6.9,14.7
2018-05-07,//image.musinsa.com/mfile_s01/_street_images/47127/280.street_img_view25bac98287f6d9.jpg?,0.030280525,-0.011672516,0,"['팬츠', '그레이', '하의', '회색', '스트리트', '힙합']",108,19.2,14.0,25.5
2018-05-07,//image.musinsa.com/mfile_s01/_street_images/44701/280.street_img_view25b0cdf6ea6e80.jpg?20180529105142,-0.010048568,-0.026789848999999998,1,"['팬츠', '베이지', '하의', '베이지색', '심플', '캐주얼']",108,19.2,14.0,25.5
2018-05-08,//image.musinsa.com/mfile_s01/_street_images/45754/280.street_img_view15b5ec266eb781.jpg?,0.008929353000000001,-0.030640929,4,"['데님쇼츠', '하의', '데님', '심플', '캐주얼']",108,17.5,11.6,22.9
2018-05-10,//image.musinsa.com/mfile_s01/_street_images/39978/280.street_img_view25a4c46bf9d514.jpg?,0.047014027,0.002443129,0,"['트랙팬츠', '레드', '하의', '빨간색', '스트리트', '힙합']",108,15.4,11.3,21.4
2018-05-11,//image.musinsa.com/mfile_s01/_street_images/44149/280.street_img_view25afc0640ca0a0.jpg?,0.051048283,-0.027330194,0,"['데님', '쇼츠', '하의', '데님', '섹시', '페미닌']",108,16.1,11.9,21.3
2018-05-14,//image.musinsa.com/mfile_s01/_street_images/48539/280.street_img_view25bf4f94f2d79c.jpg?20181114225340,-0.00634557,-0.023773917999999998,4,"['팬츠', ' 베이지', '하의', '베이지색', '심플', '캐주얼']",108,18.2,11.9,24.5
2018-05-15,//image.musinsa.com/mfile_s01/_street_images/42795/280.street_img_view25abcbfed0f027.jpg?,0.009069752,-0.025174121,4,"['스커트', '블루', '하의', '파랑색', '심플', '캐주얼']",108,23.2,15.4,29.3
2018-05-15,//image.musinsa.com/mfile_s01/_street_images/44343/280.street_img_view15b024f5e20979.jpg?,0.051774765,-0.034820212999999996,0,"['데님스커트', '블루', '하의', '데님']",108,23.2,15.4,29.3
2018-05-15,//image.musinsa.com/mfile_s01/_street_images/43373/280.street_img_view15ad0764c05e48.jpg?20180418175433,0.034409787000000004,-0.014483838999999998,0,"['반바지', '어텐션로우', '하의', '데님', '섹시', '페미닌']",108,23.2,15.4,29.3
2018-05-15,//image.musinsa.com/mfile_s01/_street_images/40445/280.street_img_view25a699f4e69952.jpg?,0.019390505,-0.032036221000000004,4,"['스커트', '체크', '하의', '체크']",108,23.2,15.4,29.3
2018-05-16,//image.musinsa.com/mfile_s01/_street_images/44631/280.street_img_view25b288ba681db3.jpg?20180619154713,0.051048283,-0.027330194,0,"['데님', '쇼츠', '하의', '데님', '섹시', '페미닌']",108,22.3,21.8,24.4
2018-05-16,//image.musinsa.com/mfile_s01/_street_images/46699/280.street_img_view25b98dfcfcc5eb.jpg?,-0.0046601279999999995,-0.024302442,4,"['오버롤', '팬츠', '하의', '베이지색', '심플', '캐주얼']",108,22.3,21.8,24.4
2018-05-18,//image.musinsa.com/mfile_s01/_street_images/48061/280.street_img_view15bcedeb597203.jpg?20181023183432,0.005680922,-0.01199013,4,"['원피스', '레오파드', '심플', '하의']",108,16.3,12.2,19.3
2018-05-18,//image.musinsa.com/mfile_s01/_street_images/44673/280.street_img_view15b0ce108efa58.jpg?,0.033858988,-0.003665663,0,"['쇼츠', '그린', '하의', '녹색', '스트리트', '힙합']",108,16.3,12.2,19.3
2018-05-21,//image.musinsa.com/mfile_s01/_street_images/44368/280.street_img_view25b0233829c804.jpg?,0.021668492,-0.034457134,4,"['데님팬츠', '블루', '하의', '데님', '심플', '캐주얼']",108,17.8,11.3,23.7
2018-05-22,//image.musinsa.com/mfile_s01/_street_images/45456/280.street_img_view15b46ae4103fb9.jpg?20180712143234,0.048202888,-0.030576365,0,"['데님팬츠', 'denim', 'pants', '하의']",108,18.1,15.4,23.2
2018-05-22,//image.musinsa.com/mfile_s01/_street_images/44437/280.street_img_view15b04eeb0238dc.jpg?,0.024101527999999997,-0.010708984,0,"['하이웨스트', '블랙', '하의', '검정색', '섹시', '페미닌']",108,18.1,15.4,23.2
2018-05-22,//image.musinsa.com/mfile_s01/_street_images/42629/280.street_img_view15abb69af6ba60.jpg?20180328205258,0.041013081,0.0016256229999999999,0,"['와이드팬츠', '레드', '하의', '빨간색', '스트리트', '힙합']",108,18.1,15.4,23.2
2018-05-23,//image.musinsa.com/mfile_s01/_street_images/45446/280.street_img_view15b45c74cca6ad.jpg?,0.01091807,0.013858987,3,"['반바지', '화이트', '하의', '흰색', '유니크', '키치']",108,17.3,13.6,23.3
2018-05-23,//image.musinsa.com/mfile_s01/_street_images/44457/280.street_img_view25b04ed2a1e10d.jpg?,0.027275911,-0.009768928,0,"['조거팬츠', '블랙', '하의', '검정색', '섹시', '페미닌']",108,17.3,13.6,23.3
2018-05-25,//image.musinsa.com/mfile_s01/_street_images/48092/280.street_img_view25bcd716d4a1d0.jpg?20181022160704,0.021668492,-0.034457134,4,"['데님팬츠', '블루', '하의', '데님', '심플', '캐주얼']",108,19.7,13.8,26.2
2018-05-25,//image.musinsa.com/mfile_s01/_street_images/47124/280.street_img_view25bac98e1f0690.jpg?,0.033585042,-0.005149625,0,"['조거팬츠', '블랙', '하의', '검정색', '스트리트', '힙합']",108,19.7,13.8,26.2
2018-05-25,//image.musinsa.com/mfile_s01/_street_images/47166/280.street_img_view25bb3622b5eee0.jpg?,-0.00387531,-0.021293344,4,"['팬츠', '블랙', '하의', '검정색', '심플', '캐주얼']",108,19.7,13.8,26.2
2018-05-25,//image.musinsa.com/mfile_s01/_street_images/45704/280.street_img_view25b584b77d2942.jpg?,0.008929353000000001,-0.030640929,4,"['데님쇼츠', '하의', '데님', '심플', '캐주얼']",108,19.7,13.8,26.2
2018-05-26,//image.musinsa.com/mfile_s01/_street_images/49037/280.street_img_view25c0f1c62b1b8d.jpg?20181211103337,0.016296315,-0.018736306,4,"['스커트', '베이지', '체크', '하의', '유니크', '키치']",108,21.8,14.0,29.6
2018-05-26,//image.musinsa.com/mfile_s01/_street_images/44745/280.street_img_view25b30965c8909c.jpg?20180625171924,0.014161775,-0.02799269,4,"['데님팬츠', 'denim', 'pants', '하의', '심플', '캐주얼']",108,21.8,14.0,29.6
2018-05-27,//image.musinsa.com/mfile_s01/_street_images/44581/280.street_img_view15b10b22d6f81e.jpg?20180601140331,0.022105311000000002,-0.025390122999999997,4,"['팬츠', '와이케이', '하의', '체크']",108,20.3,17.3,24.7
2018-05-27,//image.musinsa.com/mfile_s01/_street_images/45449/280.street_img_view25b45c6efcbcdb.jpg?,-0.005066843,-0.022428818,4,"['와이드팬츠', '그레이', '하의', '회색', '심플', '캐주얼']",108,20.3,17.3,24.7
2018-05-28,//image.musinsa.com/mfile_s01/_street_images/46295/280.street_img_view25b83a73b35ee6.jpg?20180827175316,0.039682872,-0.004154102,0,"['조거팬츠', '하의', '검정색', '스트리트', '힙합']",108,22.3,16.2,29.1
2018-05-28,//image.musinsa.com/mfile_s01/_street_images/44102/280.street_img_view25afc0997437ed.jpg?,0.03450814,-0.00634434,0,"['와이드팬츠', '하의', '검정색', '스트리트', '힙합']",108,22.3,16.2,29.1
2018-05-28,//image.musinsa.com/mfile_s01/_street_images/44651/280.street_img_view25b0ce299d382f.jpg?,0.046001747999999995,-0.023694675,0,"['디스트로이드', '데님', '하의', '데님', '섹시', '페미닌']",108,22.3,16.2,29.1
2018-05-28,//image.musinsa.com/mfile_s01/_street_images/44621/280.street_img_view25b223f3578a99.jpg?20180614201651,0.0320704,-0.010948203,0,"['레깅스', '하의', '파랑색', '섹시', '페미닌']",108,22.3,16.2,29.1
2018-05-28,//image.musinsa.com/mfile_s01/_street_images/44809/280.street_img_view15b16639dc230d.jpg?,0.020728123,-0.019577816,4,"['미니스커트', '체크', '하의', '체크', '섹시', '페미닌']",108,22.3,16.2,29.1
2018-05-28,//image.musinsa.com/mfile_s01/_street_images/44939/280.street_img_view25b1e381807f14.jpg?20180612105327,0.021948556,-0.01081554,0,"['롱스커트', '플라워', '하의', '기타패턴']",108,22.3,16.2,29.1
2018-05-28,//image.musinsa.com/mfile_s01/_street_images/49373/280.street_img_view15c2496c1c932d.jpg?,0.022091178,-0.010868148999999999,0,"['롱스커트', '베이지', '하의', '베이지색', '스트리트', '힙합']",108,22.3,16.2,29.1
2018-05-28,//image.musinsa.com/mfile_s01/_street_images/43544/280.street_img_view25ad82f3a1e62b.jpg?,0.021151389,-0.02193666,4,"['스커트', '체크', '하의', '분홍색']",108,22.3,16.2,29.1
2018-05-28,//image.musinsa.com/mfile_s01/_street_images/44520/280.street_img_view25b0fa03306fe1.jpg?20180528115732,0.04402465,0.0022441279999999997,0,"['멜란지마스터', '하의', '빨간색', '스트리트', '힙합']",108,22.3,16.2,29.1
2018-05-29,//image.musinsa.com/mfile_s01/_street_images/44672/280.street_img_view15b0ce12b861bc.jpg?,0.046955698,-0.010433615,0,"['트랙팬츠', '블루', '하의', '파랑색', '스트리트', '힙합']",108,21.4,19.1,25.9
2018-05-29,//image.musinsa.com/mfile_s01/_street_images/48259/280.street_img_view25bf3b3e62f77d.jpg?20181030114117,-0.013081803999999999,-0.030503837000000002,1,"['팬츠', '브라운', '하의', '갈색', '심플', '캐주얼']",108,21.4,19.1,25.9
2018-05-29,//image.musinsa.com/mfile_s01/_street_images/40023/280.street_img_view25a5700d2cf876.jpg?,-0.005046479,-0.028965932000000003,4,"['스커트', '체크', '하의', '체크', '심플', '캐주얼']",108,21.4,19.1,25.9
2018-05-29,//image.musinsa.com/mfile_s01/_street_images/44687/280.street_img_view15b0cdf95680e1.jpg?,0.017602385,-0.031686361,4,"['데님팬츠', '하의', '파랑색', '데님', '심플', '캐주얼']",108,21.4,19.1,25.9
2018-05-29,//image.musinsa.com/mfile_s01/_street_images/46116/280.street_img_view25b6bef655db56.jpg?,-0.009145541,-0.005268463,4,"['밴딩팬츠', '하의', '흰색', '심플', '캐주얼']",108,21.4,19.1,25.9
2018-05-30,//image.musinsa.com/mfile_s01/_street_images/45213/280.street_img_view15b4310629ce6a.jpg?,0.030608355,-0.021104846,0,"['플리츠', '스커트', '하의', '파랑색']",108,20.2,15.8,24.7
2018-05-30,//image.musinsa.com/mfile_s01/_street_images/45086/280.street_img_view15b32fce472474.jpg?,0.036319409,-0.01976582,0,"['뷔스티에', '원피스', '하의', '데님']",108,20.2,15.8,24.7
2018-05-31,//image.musinsa.com/mfile_s01/_street_images/45176/280.street_img_view25b3c476dc271d.jpg?,0.036949756,-0.01909998,0,"['데님팬츠', 'denim', 'pants', '하의', '유니크', '키치']",108,20.9,14.2,27.6
2018-05-31,//image.musinsa.com/mfile_s01/_street_images/46566/280.street_img_view35b88a659d1a3c.jpg?20180903090611,0.035885693999999996,-0.004623858,0,"['팬츠', '뉴에라', '하의', '노란색', '스트리트', '힙합']",108,20.9,14.2,27.6
2018-06-01,//image.musinsa.com/mfile_s01/_street_images/45933/280.street_img_view25b62c145d21d1.jpg?,-0.011148217,-0.025008736,1,"['와이드팬츠', '베이지', '하의', '베이지색', '심플', '캐주얼']",108,23.8,17.5,30.2
2018-06-04,//image.musinsa.com/mfile_s01/_street_images/47281/280.street_img_view15bb73aff95444.jpg?20181005194428,0.032936624,0.001173532,0,"['스탠다드 스웨트 팬츠', '멜란지마스터', '하의', '주황색', '스트리트', '힙합']",108,22.6,18.9,27.5
2018-06-05,//image.musinsa.com/mfile_s01/_street_images/44820/280.street_img_view15b166218527bc.jpg?20180618112755,0.034859847,-0.008384009,0,"['쇼츠', '블랙', '하의', '검정색', '스트리트', '힙합']",108,23.7,17.7,29.2
2018-06-05,//image.musinsa.com/mfile_s01/_street_images/44808/280.street_img_view25b1663d0064ac.jpg?20180605193458,0.047014027,0.002443129,0,"['트랙팬츠', '레드', '하의', '빨간색', '스트리트', '힙합']",108,23.7,17.7,29.2
2018-06-05,//image.musinsa.com/mfile_s01/_street_images/44831/280.street_img_view25b2aff0314a29.jpg?20180622141948,0.009546846,-0.027364323,4,"['디스진', '데님팬츠', '팬츠', '하의', '심플', '캐주얼']",108,23.7,17.7,29.2
2018-06-05,//image.musinsa.com/mfile_s01/_street_images/45706/280.street_img_view25b584afbc7223.jpg?,0.045156779,-0.004922829,0,"['쇼츠', '하의', '노란색', '스트리트', '힙합']",108,23.7,17.7,29.2
2018-06-05,//image.musinsa.com/mfile_s01/_street_images/45762/280.street_img_view15b58396ce2683.jpg?,-0.002936658,-0.017200659,4,"['미니스커트', '실버', '하의', '은색', '심플', '캐주얼']",108,23.7,17.7,29.2
2018-06-07,//image.musinsa.com/mfile_s01/_street_images/44861/280.street_img_view25b19cb0b1905b.jpg?,0.01687747,-0.035541426,4,"['데님팬츠', '하의', '데님', '심플', '캐주얼']",108,22.2,17.8,29.4
2018-06-07,//image.musinsa.com/mfile_s01/_street_images/48944/280.street_img_view25c07255d50b82.jpg?,-0.002612228,-0.020897822,4,"['스커트', '블랙', '하의', '검정색', '심플', '캐주얼']",108,22.2,17.8,29.4
2018-06-07,//image.musinsa.com/mfile_s01/_street_images/39792/280.street_img_view25a558929d066b.jpg?,0.047714247,0.0006521459999999999,0,"['조거팬츠', '하의', '빨간색', '스트리트', '힙합']",108,22.2,17.8,29.4
2018-06-08,//image.musinsa.com/mfile_s01/_street_images/44629/280.street_img_view25b288c1554908.jpg?20180619154701,0.008600519000000001,-0.0248813,4,"['데님팬츠', 'DENIM', 'PANTS', '하의', '심플', '캐주얼']",108,21.9,18.5,27.0
2018-06-11,//image.musinsa.com/mfile_s01/_street_images/40926/280.street_img_view25a8269d7957fe.jpg?,0.041786102,-0.000758992,0,"['트랙팬츠', '퍼플', '하의', '보라색', '스트리트', '힙합']",108,20.2,18.0,23.9
2018-06-11,//image.musinsa.com/mfile_s01/_street_images/44982/280.street_img_view15b2a16115a775.jpg?20180620185148,0.014281397,0.009992008,3,"['스커트', '화이트', '하의', '흰색', '유니크', '키치']",108,20.2,18.0,23.9
2018-06-11,//image.musinsa.com/mfile_s01/_street_images/44587/280.street_img_view25b2245f28d9ab.jpg?20180614195319,0.057357412,-0.022710893,0,"['데님', '쇼츠', '하의', '데님', '스트리트', '힙합']",108,20.2,18.0,23.9
2018-06-11,//image.musinsa.com/mfile_s01/_street_images/44973/280.street_img_view25b2a1b659f6fa.jpg?20180620185415,0.029942824,-0.012790653999999999,0,"['스커트', '체크', '레드', '하의', '섹시', '페미닌']",108,20.2,18.0,23.9
2018-06-11,//image.musinsa.com/mfile_s01/_street_images/46075/280.street_img_view15b6a8c8a32c36.jpg?,0.046955698,-0.010433615,0,"['트랙팬츠', '블루', '하의', '파랑색', '스트리트', '힙합']",108,20.2,18.0,23.9
2018-06-11,//image.musinsa.com/mfile_s01/_street_images/45861/280.street_img_view25b616ab55b109.jpg?,0.010726912,-0.031179172999999998,4,"['데님스커트', '하의', '데님', '심플', '캐주얼']",108,20.2,18.0,23.9
2018-06-11,//image.musinsa.com/mfile_s01/_street_images/39814/280.street_img_view25a434190b7406.jpg?,0.03450814,-0.00634434,0,"['와이드팬츠', '하의', '검정색', '스트리트', '힙합']",108,20.2,18.0,23.9
2018-06-11,//image.musinsa.com/mfile_s01/_street_images/39494/280.street_img_view25a4b487436cbb.jpg?,-0.0073287790000000005,-0.017260323,4,"['와이드팬츠', '카키', '하의', '녹색', '심플', '캐주얼']",108,20.2,18.0,23.9
2018-06-11,//image.musinsa.com/mfile_s01/_street_images/44888/280.street_img_view25b39effd96c07.jpg?20180702183155,0.034138322,-0.010906491,0,"['트랙팬츠', '하의', '검정색', '섹시', '페미닌']",108,20.2,18.0,23.9
2018-06-11,//image.musinsa.com/mfile_s01/_street_images/44944/280.street_img_view25b1e18f0ccfe4.jpg?20180611185441,0.022771389,-0.011835845,0,"['슬랙스', '블랙', '하의', '검정색', '섹시', '페미닌']",108,20.2,18.0,23.9
2018-06-11,//image.musinsa.com/mfile_s01/_street_images/44959/280.street_img_view25b2afdf36cb52.jpg?20180621102521,0.027153765,-0.00937128,0,"['미디스커트', '하의', '녹색', '섹시', '페미닌']",108,20.2,18.0,23.9
2018-06-14,//image.musinsa.com/mfile_s01/_street_images/44806/280.street_img_view25b16642a7b25e.jpg?,-0.004776213,-0.019427825,4,"['미니스커트', '블랙', '하의', '검정색', '심플', '캐주얼']",108,21.6,18.8,25.1
2018-06-14,//image.musinsa.com/mfile_s01/_street_images/45052/280.street_img_view25b332840a12d5.jpg?20180627155839,0.033641682,-0.013578528000000001,0,"['쇼츠', '하의', '검정색', '섹시', '페미닌']",108,21.6,18.8,25.1
2018-06-18,//image.musinsa.com/mfile_s01/_street_images/44818/280.street_img_view25b16626c715ab.jpg?,-0.004974957,-0.019512235,4,"['와이드팬츠', '블랙', '하의', '검정색', '심플', '캐주얼']",108,24.8,19.9,30.8
2018-06-18,//image.musinsa.com/mfile_s01/_street_images/45128/280.street_img_view25b275492da380.jpg?,-0.004974957,-0.019512235,4,"['와이드팬츠', '블랙', '하의', '검정색', '심플', '캐주얼']",108,24.8,19.9,30.8
2018-06-18,//image.musinsa.com/mfile_s01/_street_images/45573/280.street_img_view25b502a835751c.jpg?,0.047714247,0.0006521459999999999,0,"['조거팬츠', '하의', '빨간색', '스트리트', '힙합']",108,24.8,19.9,30.8
2018-06-20,//image.musinsa.com/mfile_s01/_street_images/42793/280.street_img_view25abcc101723b1.jpg?,0.030372415,-0.008755928,0,"['팬츠', '블랙', '하의', '검정색', '스트리트', '힙합']",108,22.7,19.1,28.4
2018-06-24,//image.musinsa.com/mfile_s01/_street_images/48594/280.street_img_view25bf26021a4b8b.jpg?20181119125756,0.028460713999999998,-0.007863653,0,"['스웨트팬츠', '그레이', '하의', '회색', '스트리트', '힙합']",108,25.2,20.1,32.1
2018-06-25,//image.musinsa.com/mfile_s01/_street_images/46416/280.street_img_view25b7e6fe4b9ef3.jpg?,0.030096777,-0.00539385,0,"['카고팬츠', '블랙', '하의', '검정색', '스트리트', '힙합']",108,27.1,21.3,32.9
2018-06-25,//image.musinsa.com/mfile_s01/_street_images/46992/280.street_img_view25bd927a151074.jpg?20181031135808,0.039682872,-0.004154102,0,"['조거팬츠', '하의', '검정색', '스트리트', '힙합']",108,27.1,21.3,32.9
2018-06-25,//image.musinsa.com/mfile_s01/_street_images/45260/280.street_img_view25b31fe295f309.jpg?,0.019734955,-0.031608402,4,"['쇼츠', '블루', '하의', '데님', '심플', '캐주얼']",108,27.1,21.3,32.9
2018-06-26,//image.musinsa.com/mfile_s01/_street_images/44341/280.street_img_view25b0250fe8606c.jpg?,0.049883654000000006,-0.017024173,0,"['청바지', '블루', '하의', '데님', '스트리트', '힙합']",108,22.3,20.2,26.9
2018-06-29,//image.musinsa.com/mfile_s01/_street_images/45311/280.street_img_view15b35822e3e234.jpg?20180704164849,0.037906415,-0.00394817,0,"['내셔널지오그래픽', '하의', '파랑색', '스트리트', '힙합']",108,24.7,21.9,29.1
2018-07-05,//image.musinsa.com/mfile_s01/_street_images/45540/280.street_img_view25b4d6ded8e4a3.jpg?,0.032600093999999996,-0.008103103,0,"['팬츠', '오베르', '블랙', '하의', '스트리트', '힙합']",108,25.3,23.4,29.0
2018-07-05,//image.musinsa.com/mfile_s01/_street_images/45532/280.street_img_view25b4d5982d6f3e.jpg?,0.057974732,-0.020496526,0,"['데님팬츠', '하의', '데님', '스트리트', '힙합']",108,25.3,23.4,29.0
2018-07-06,//image.musinsa.com/mfile_s01/_street_images/45359/280.street_img_view15b3dbcb980eb4.jpg?,-0.012156546,-0.023405565,1,"['롱스커트', '베이지', '하의', '베이지색', '심플', '캐주얼']",108,23.9,21.5,27.1
2018-07-06,//image.musinsa.com/mfile_s01/_street_images/44702/280.street_img_view25b0cde2f6c61c.jpg?,0.029815313,-0.006340497,0,"['오버롤', '블랙', '하의', '검정색', '스트리트', '힙합']",108,23.9,21.5,27.1
2018-07-09,//image.musinsa.com/mfile_s01/_street_images/40457/280.street_img_view15a69a28dafcab.jpg?,0.029379361,0.015839806,3,"['트랙팬츠', '화이트', '하의', '흰색', '스트리트', '힙합']",108,20.8,20.1,24.2
2018-07-09,//image.musinsa.com/mfile_s01/_street_images/41968/280.street_img_view15ab35b0fd7784.jpg?20180322174015,0.046655645999999995,-0.025758927,0,"['데님', 'skirt', '하의', '데님', '섹시', '페미닌']",108,20.8,20.1,24.2
2018-07-10,//image.musinsa.com/mfile_s01/_street_images/44669/280.street_img_view15b0ce17edce80.jpg?,0.046022183,-0.023043876,0,"['트랙팬츠', '블루', '하의', '파랑색']",108,23.7,20.4,26.5
2018-07-10,//image.musinsa.com/mfile_s01/_street_images/45658/280.street_img_view25b55435239f65.jpg?,0.025362576,-0.020263019,0,"['미니스커트', '하의', '검정색']",108,23.7,20.4,26.5
2018-07-10,//image.musinsa.com/mfile_s01/_street_images/45416/280.street_img_view25b4406cd5882e.jpg?,0.030372415,-0.008755928,0,"['팬츠', '블랙', '하의', '검정색', '스트리트', '힙합']",108,23.7,20.4,26.5
2018-07-10,//image.musinsa.com/mfile_s01/_street_images/44238/280.street_img_view25afaab56bfa42.jpg?,-0.005259088,-0.022670552000000004,4,"['슬랙스', '그레이', '하의', '회색', '심플', '캐주얼']",108,23.7,20.4,26.5
2018-07-11,//image.musinsa.com/mfile_s01/_street_images/45656/280.street_img_view25b5542e4cb9af.jpg?20180723132651,0.048202888,-0.030576365,0,"['데님팬츠', 'denim', 'pants', '하의']",108,26.8,24.4,29.5
2018-07-11,//image.musinsa.com/mfile_s01/_street_images/46032/280.street_img_view25b72d426501ca.jpg?20180814223435,0.039861005,-0.025909274,0,"['데님팬츠', 'DENIM', 'PANTS', '하의']",108,26.8,24.4,29.5
2018-07-11,//image.musinsa.com/mfile_s01/_street_images/45529/280.street_img_view25b4c4f3d724bb.jpg?,0.047714247,0.0006521459999999999,0,"['조거팬츠', '하의', '빨간색', '스트리트', '힙합']",108,26.8,24.4,29.5
2018-07-11,//image.musinsa.com/mfile_s01/_street_images/44170/280.street_img_view25b06227b7bdd5.jpg?,0.012014578,-0.028743242000000002,4,"['데님', '스커트', 'skirt', '하의', '심플', '캐주얼']",108,26.8,24.4,29.5
2018-07-11,//image.musinsa.com/mfile_s01/_street_images/45444/280.street_img_view25b45c7a4ca913.jpg?,0.035273715,-0.00615731,0,"['트랙팬츠', '블랙', '하의', '검정색', '스트리트', '힙합']",108,26.8,24.4,29.5
2018-07-12,//image.musinsa.com/mfile_s01/_street_images/45483/280.street_img_view25b46b2b548f38.jpg?20180712104937,0.051760121,-0.019365178,0,"['데님팬츠', '디스진', '하의', '데님', '스트리트', '힙합']",108,26.6,25.1,28.2
2018-07-12,//image.musinsa.com/mfile_s01/_street_images/39974/280.street_img_view25a4c56b08259c.jpg?20180103165704,-0.005046479,-0.028965932000000003,4,"['스커트', '체크', '하의', '체크', '심플', '캐주얼']",108,26.6,25.1,28.2
2018-07-12,//image.musinsa.com/mfile_s01/_street_images/45460/280.street_img_view25b46a89108da2.jpg?,-0.007485052,-0.0080362,4,"['데님쇼츠', '하의', '흰색', '심플', '캐주얼']",108,26.6,25.1,28.2
2018-07-16,//image.musinsa.com/mfile_s01/_street_images/46372/280.5b7bf61d87563img_view282.jpg?,0.030280525,-0.011672516,0,"['팬츠', '그레이', '하의', '회색', '스트리트', '힙합']",108,28.7,24.0,34.0
2018-07-16,//image.musinsa.com/mfile_s01/_street_images/40975/280.street_img_view25a83a5ea98e26.jpg?,-0.013081803999999999,-0.030503837000000002,1,"['팬츠', '브라운', '하의', '갈색', '심플', '캐주얼']",108,28.7,24.0,34.0
2018-07-16,//image.musinsa.com/mfile_s01/_street_images/48143/280.street_img_view25bd6d6ef1f5b7.jpg?20181025114554,-0.0006205059999999999,-0.015413278999999998,4,"['스커트', '오렌지', '하의', '주황색', '심플', '캐주얼']",108,28.7,24.0,34.0
2018-07-16,//image.musinsa.com/mfile_s01/_street_images/45132/280.street_img_view25b2752b782c3e.jpg?,0.021668492,-0.034457134,4,"['데님팬츠', '블루', '하의', '데님', '심플', '캐주얼']",108,28.7,24.0,34.0
2018-07-16,//image.musinsa.com/mfile_s01/_street_images/44577/280.street_img_view15b10c9d13e0bd.jpg?20180601140503,0.028828465,-0.032015365,0,"['스커트', '하의', '체크']",108,28.7,24.0,34.0
2018-07-16,//image.musinsa.com/mfile_s01/_street_images/45642/280.street_img_view25b553e741bb40.jpg?,0.004556154000000001,-0.017295686,4,"['트랙팬츠', '하의', '노란색', '심플', '캐주얼']",108,28.7,24.0,34.0
2018-07-17,//image.musinsa.com/mfile_s01/_street_images/41440/280.street_img_view25a9e4472a5975.jpg?,0.049670198,-0.034027991,0,"['미디스커트', '하의', '데님']",108,28.1,23.9,32.1
2018-07-17,//image.musinsa.com/mfile_s01/_street_images/45614/280.street_img_view25b50267975dac.jpg?,-0.006494567,-0.023397381000000002,4,"['와이드팬츠', '슬랙스', '하의', '베이지색', '심플', '캐주얼']",108,28.1,23.9,32.1
2018-07-18,//image.musinsa.com/mfile_s01/_street_images/45610/280.street_img_view25b5026d15a394.jpg?,-0.008047104,-0.019033359,4,"['랩스커트', '하의', '분홍색', '체크', '심플', '캐주얼']",108,28.2,23.7,33.2
2018-07-18,//image.musinsa.com/mfile_s01/_street_images/45646/280.street_img_view15b55401eda262.jpg?20180723140324,0.031889367,-0.009388937,0,"['오버롤', '하의', '베이지색', '스트리트', '힙합']",108,28.2,23.7,33.2
2018-07-18,//image.musinsa.com/mfile_s01/_street_images/47393/280.street_img_view25bbf1ba737e89.jpg?20181011100230,0.046955698,-0.010433615,0,"['트랙팬츠', '블루', '하의', '파랑색', '스트리트', '힙합']",108,28.2,23.7,33.2
2018-07-18,//image.musinsa.com/mfile_s01/_street_images/48499/280.street_img_view25bfb972d523f5.jpg?20181113101019,0.02449483,-0.013153903,0,"['스커트', '네이비', '하의', '파랑색', '유니크', '키치']",108,28.2,23.7,33.2
2018-07-18,//image.musinsa.com/mfile_s01/_street_images/44852/280.street_img_view25b19cc0b0fcca.jpg?,-0.00387531,-0.021293344,4,"['팬츠', '블랙', '하의', '검정색', '심플', '캐주얼']",108,28.2,23.7,33.2
2018-07-18,//image.musinsa.com/mfile_s01/_street_images/44023/280.street_img_view25af14bd17a0c4.jpg?,0.030594651,-0.016676938999999998,0,"['팬츠', '블루', '하의', '파랑색', '유니크', '키치']",108,28.2,23.7,33.2
2018-07-18,//image.musinsa.com/mfile_s01/_street_images/44239/280.street_img_view25afaaaf71a02d.jpg?,0.019885335,-0.035224701000000004,4,"['스커트', '데님', '하의', '데님', '심플', '캐주얼']",108,28.2,23.7,33.2
2018-07-18,//image.musinsa.com/mfile_s01/_street_images/45631/280.street_img_view25b4efb0b18fb0.jpg?,0.049607085999999995,-0.026539017,0,"['데님팬츠', '블루', '하의', '데님', '섹시', '페미닌']",108,28.2,23.7,33.2
2018-07-19,//image.musinsa.com/mfile_s01/_street_images/46595/280.street_img_view25b962a6104d41.jpg?,0.008600519000000001,-0.0248813,4,"['데님팬츠', 'DENIM', 'PANTS', '하의', '심플', '캐주얼']",108,28.7,23.2,34.1
2018-07-21,//image.musinsa.com/mfile_s01/_street_images/46206/280.street_img_view25b75435c0945c.jpg?,-0.010869308000000001,0.002484889,2,"['와이드팬츠', '화이트', '하의', '흰색', '심플', '캐주얼']",108,30.6,24.9,36.9
2018-07-22,//image.musinsa.com/mfile_s01/_street_images/40022/280.street_img_view25a5701919b02f.jpg?,0.023041886,-0.019934062,0,"['스커트', '블랙', '하의', '검정색']",108,31.8,25.3,38.0
2018-07-23,//image.musinsa.com/mfile_s01/_street_images/45913/280.street_img_view25b62c2bb39af5.jpg?20180731102905,0.02289211,-0.02104781,0,"['스커트', '체크', '하의', '체크', '섹시', '페미닌']",108,31.7,29.2,35.7
2018-07-23,//image.musinsa.com/mfile_s01/_street_images/45702/280.street_img_view15b584c221e5da.jpg?20180801140421,0.042455655999999994,-0.021139194,0,"['데님쇼츠', '하의', '데님', '섹시', '페미닌']",108,31.7,29.2,35.7
2018-07-23,//image.musinsa.com/mfile_s01/_street_images/43087/280.street_img_view25ac5fd4e563d8.jpg?,0.01687747,-0.035541426,4,"['데님팬츠', '하의', '데님', '심플', '캐주얼']",108,31.7,29.2,35.7
2018-07-23,//image.musinsa.com/mfile_s01/_street_images/44987/280.street_img_view25b2a0e9a6ae8f.jpg?20180620185024,0.045897673,-0.026355597999999997,0,"['쇼츠', '데님', '하의', '데님', '유니크', '키치']",108,31.7,29.2,35.7
2018-07-24,//image.musinsa.com/mfile_s01/_street_images/45591/280.street_img_view25b4ec3f1c6c5b.jpg?,-0.005938069,-0.020628051,4,"['오버롤', '하의', '검정색', '심플', '캐주얼']",108,31.4,27.2,36.8
2018-07-24,//image.musinsa.com/mfile_s01/_street_images/46461/280.street_img_view25b7fb9324e7d2.jpg?20180824172637,0.034757431,-0.00118848,0,"['트랙클럽 벨루어 팬츠', '뉴발란스', '하의', '보라색', '스트리트', '힙합']",108,31.4,27.2,36.8
2018-07-24,//image.musinsa.com/mfile_s01/_street_images/45486/280.street_img_view25b4c4e51cc285.jpg?20180716183842,0.048202888,-0.030576365,0,"['데님팬츠', 'denim', 'pants', '하의']",108,31.4,27.2,36.8
2018-07-26,//image.musinsa.com/mfile_s01/_street_images/48949/280.street_img_view25c088e7696ee6.jpg?20181205234105,-0.00387531,-0.021293344,4,"['팬츠', '블랙', '하의', '검정색', '심플', '캐주얼']",108,30.1,27.3,33.7
2018-07-26,//image.musinsa.com/mfile_s01/_street_images/43247/280.street_img_view25acc48e040c52.jpg?,0.057974732,-0.020496526,0,"['데님팬츠', '하의', '데님', '스트리트', '힙합']",108,30.1,27.3,33.7
2018-07-26,//image.musinsa.com/mfile_s01/_street_images/48257/280.street_img_view25bf3b40f1323c.jpg?20181030114134,0.030372415,-0.008755928,0,"['팬츠', '블랙', '하의', '검정색', '스트리트', '힙합']",108,30.1,27.3,33.7
2018-07-27,//image.musinsa.com/mfile_s01/_street_images/46430/280.street_img_view25b7e695f4dbdf.jpg?20180823125524,-0.005167202,-0.019753963,4,"['슬랙스', '블랙', '하의', '검정색', '심플', '캐주얼']",108,30.9,27.2,35.4
2018-07-31,//image.musinsa.com/mfile_s01/_street_images/45965/280.street_img_view25b67ea292857e.jpg?,-0.012108446,-0.025161503999999998,1,"['치노팬츠', '하의', '베이지색', '심플', '캐주얼']",108,32.6,27.8,38.3
2018-08-01,//image.musinsa.com/mfile_s01/_street_images/45930/280.street_img_view25b62c242179c2.jpg?,0.027742944,-0.003141935,0,"['카고팬츠', '카키', '하의', '녹색', '스트리트', '힙합']",108,33.6,27.8,39.6
2018-08-01,//image.musinsa.com/mfile_s01/_street_images/48606/280.street_img_view25bff7ebbc097c.jpg?20181129155015,0.018622261,-0.035620226,4,"['데님', '팬츠', '하의', '데님', '심플', '캐주얼']",108,33.6,27.8,39.6
2018-08-03,//image.musinsa.com/mfile_s01/_street_images/45948/280.street_img_view25b643b6784086.jpg?20180808131759,0.017890023,-0.018871733,4,"['팬츠', '베이지', '하의', '베이지색', '섹시', '페미닌']",108,33.1,30.0,37.9
2018-08-03,//image.musinsa.com/mfile_s01/_street_images/42799/280.street_img_view25abcbcc9291a7.jpg?,0.051824170999999995,-0.016134273,0,"['데님스커트', '하의', '데님', '스트리트', '힙합']",108,33.1,30.0,37.9
2018-08-05,//image.musinsa.com/mfile_s01/_street_images/48592/280.street_img_view25bf260d9a8bfc.jpg?20181119125734,0.030372415,-0.008755928,0,"['팬츠', '블랙', '하의', '검정색', '스트리트', '힙합']",108,30.0,27.2,33.9
2018-08-06,//image.musinsa.com/mfile_s01/_street_images/39970/280.street_img_view25a54c2b662c23.jpg?,0.019390505,-0.032036221000000004,4,"['스커트', '체크', '하의', '체크']",108,30.5,28.3,35.3
2018-08-06,//image.musinsa.com/mfile_s01/_street_images/45441/280.street_img_view15b45c8759d385.jpg?,0.048563250999999995,-0.007175309,0,"['스커트', '카모', '하의', '카모', '스트리트', '힙합']",108,30.5,28.3,35.3
2018-08-06,//image.musinsa.com/mfile_s01/_street_images/45648/280.street_img_view25b5540e25b4ad.jpg?,0.046796805,-0.0036122,0,"['카모팬츠', '하의', '카모', '스트리트', '힙합']",108,30.5,28.3,35.3
2018-08-06,//image.musinsa.com/mfile_s01/_street_images/39661/280.street_img_view25a5301438e50a.jpg?20171221102521,0.046955698,-0.010433615,0,"['트랙팬츠', '블루', '하의', '파랑색', '스트리트', '힙합']",108,30.5,28.3,35.3
2018-08-07,//image.musinsa.com/mfile_s01/_street_images/47121/280.street_img_view15bac9a6bf0652.jpg?,0.006107530999999999,-0.017899371,4,"['점프수트', '베이지', '하의', '베이지색', '워크', '밀리터리']",108,30.5,26.8,35.9
2018-08-07,//image.musinsa.com/mfile_s01/_street_images/43482/280.street_img_view25ad70b9cab99d.jpg?,0.01687747,-0.035541426,4,"['데님팬츠', '하의', '데님', '심플', '캐주얼']",108,30.5,26.8,35.9
2018-08-07,//image.musinsa.com/mfile_s01/_street_images/44984/280.street_img_view15b2a1067c3fbb.jpg?20180620185121,0.023400109,-0.01202872,0,"['쇼츠', '블랙', '하의', '검정색', '유니크', '키치']",108,30.5,26.8,35.9
2018-08-08,//image.musinsa.com/mfile_s01/_street_images/40959/280.street_img_view15a826b124218c.jpg?,0.011891582,-0.010512991000000001,4,"['슬랙스', '와인', '하의', '분홍색', '포멀', '클래식']",108,31.0,27.6,35.3
2018-08-08,//image.musinsa.com/mfile_s01/_street_images/45550/280.street_img_view25b4d7a022c4fa.jpg?,0.030372415,-0.008755928,0,"['팬츠', '블랙', '하의', '검정색', '스트리트', '힙합']",108,31.0,27.6,35.3
2018-08-09,//image.musinsa.com/mfile_s01/_street_images/45596/280.street_img_view25b4ec14e4e361.jpg?,0.000612127,-0.02092143,4,"['쇼츠', '블랙', '하의', '검정색', '심플', '캐주얼']",108,28.8,27.1,32.5
2018-08-09,//image.musinsa.com/mfile_s01/_street_images/42744/280.street_img_view25ab8a9d0d494b.jpg?20180326172553,0.039736716,0.008198716,0,"['트랙팬츠', '하의', '흰색', '스트리트', '힙합']",108,28.8,27.1,32.5
2018-08-09,//image.musinsa.com/mfile_s01/_street_images/45783/280.street_img_view25b58325a616cd.jpg?,0.038423911,-0.020668884,0,"['청바지', '블루', '하의', '데님', '유니크', '키치']",108,28.8,27.1,32.5
2018-08-09,//image.musinsa.com/mfile_s01/_street_images/46098/280.street_img_view15b6bf72bc5e7c.jpg?20180816141439,0.050026614000000004,-0.01559603,0,"['데님쇼츠', '하의', '데님', '스트리트', '힙합']",108,28.8,27.1,32.5
2018-08-09,//image.musinsa.com/mfile_s01/_street_images/45981/280.street_img_view25b6975cc724ef.jpg?20180806101631,0.030372415,-0.008755928,0,"['팬츠', '블랙', '하의', '검정색', '스트리트', '힙합']",108,28.8,27.1,32.5
2018-08-09,//image.musinsa.com/mfile_s01/_street_images/49125/280.street_img_view25c1857ea29334.jpg?20181217123350,0.057974732,-0.020496526,0,"['데님팬츠', '하의', '데님', '스트리트', '힙합']",108,28.8,27.1,32.5
2018-08-13,//image.musinsa.com/mfile_s01/_street_images/45643/280.street_img_view25b553f555780a.jpg?,-0.00832319,-0.0077259040000000005,4,"['미니스커트', '하의', '흰색', '심플', '캐주얼']",108,30.5,26.7,34.4
2018-08-17,//image.musinsa.com/mfile_s01/_street_images/45259/280.street_img_view25b31fe6b55bfe.jpg?20180625121826,0.047673543,-0.023690289,0,"['쇼츠', '블루', '하의', '데님', '섹시', '페미닌']",108,27.2,21.7,33.8
2018-08-21,//image.musinsa.com/mfile_s01/_street_images/45463/280.street_img_view25b46a7fb0a738.jpg?,0.034746634,-0.0062430440000000005,0,"['미니스커트', '하의', '검정색', '스트리트', '힙합']",108,26.6,23.4,31.0
2018-08-24,//image.musinsa.com/mfile_s01/_street_images/41470/280.street_img_view25aa7bbaf11911.jpg?,0.000443774,-0.022442141000000002,4,"['팬츠', '네이비', '하의', '파랑색', '심플', '캐주얼']",108,24.4,23.2,26.3
2018-09-02,//image.musinsa.com/mfile_s01/_street_images/45536/280.street_img_view25b4d707c61bb6.jpg?20180719164418,0.023109692999999997,-0.035248309,4,"['쇼츠', '데님', '하의', '데님', '심플', '캐주얼']",108,25.1,20.1,29.6
2018-09-04,//image.musinsa.com/mfile_s01/_street_images/48611/280.street_img_view25bf3c1dc40052.jpg?,0.021668492,-0.034457134,4,"['데님팬츠', '블루', '하의', '데님', '심플', '캐주얼']",108,23.2,20.0,27.8
2018-09-05,//image.musinsa.com/mfile_s01/_street_images/44251/280.street_img_view25afaa352bef78.jpg?,0.040762495,-0.011492846000000001,0,"['슬랙스', '블루', '하의', '파랑색', '스트리트', '힙합']",108,24.0,19.6,28.5
2018-09-07,//image.musinsa.com/mfile_s01/_street_images/40871/280.street_img_view15a784c6f671d7.jpg?20180206092351,0.038059575,-0.006721296,0,"['트랙팬츠', '크럼프', '하의', '회색', '스트리트', '힙합']",108,22.0,19.1,25.5
2018-09-10,//image.musinsa.com/mfile_s01/_street_images/44438/280.street_img_view15b04ee680e5bc.jpg?,0.040321217,-0.001562082,0,"['트랙팬츠', '레드', '하의', '검정색', '스트리트', '힙합']",108,22.9,18.6,28.4
2018-09-10,//image.musinsa.com/mfile_s01/_street_images/46120/280.street_img_view25b71403a86dac.jpg?20180813174227,0.008026718,-0.024323825,4,"['데님 팬츠', '캘빈클라인 진', '하의', '데님', '심플', '캐주얼']",108,22.9,18.6,28.4
2018-09-11,//image.musinsa.com/mfile_s01/_street_images/44513/280.street_img_view25b0fa31260f63.jpg?20180525190204,0.035828646,-0.000930898,0,"['멜란지마스터', '하의', '녹색', '스트리트', '힙합']",108,21.6,16.8,26.1
2018-09-11,//image.musinsa.com/mfile_s01/_street_images/44754/280.street_img_view15b10a66173a6e.jpg?20180601140032,-0.006658163000000001,-0.020650756,4,"['Holic Skirt', '아파트먼트', '하의', '체크', '심플', '캐주얼']",108,21.6,16.8,26.1
2018-09-13,//image.musinsa.com/mfile_s01/_street_images/46834/280.street_img_view25b9f33d2f4209.jpg?20180927083418,0.019390505,-0.032036221000000004,4,"['스커트', '체크', '하의', '체크']",108,23.5,20.3,28.3
2018-09-13,//image.musinsa.com/mfile_s01/_street_images/44175/280.street_img_view25afc03ef54cf8.jpg?,0.0332705,-0.009819241,0,"['트랙팬츠', '하의', '검정색', '체크', '스트리트', '힙합']",108,23.5,20.3,28.3
2018-09-14,//image.musinsa.com/mfile_s01/_street_images/47186/280.street_img_view25bb35ebf2b1ef.jpg?20181002101643,0.057974732,-0.020496526,0,"['데님팬츠', '하의', '데님', '스트리트', '힙합']",108,23.5,20.3,26.8
2018-09-14,//image.musinsa.com/mfile_s01/_street_images/46355/280.street_img_view25b8664c6c3ca7.jpg?,0.035273715,-0.00615731,0,"['블랙', '트랙팬츠', '하의', '검정색', '스트리트', '힙합']",108,23.5,20.3,26.8
2018-09-14,//image.musinsa.com/mfile_s01/_street_images/45705/280.street_img_view25b584b38dff27.jpg?,0.042455655999999994,-0.021139194,0,"['데님쇼츠', '하의', '데님', '섹시', '페미닌']",108,23.5,20.3,26.8
2018-09-18,//image.musinsa.com/mfile_s01/_street_images/45632/280.street_img_view25b4efae9672e2.jpg?,0.049607085999999995,-0.026539017,0,"['데님팬츠', '블루', '하의', '데님', '섹시', '페미닌']",108,22.0,17.7,26.5
2018-09-20,//image.musinsa.com/mfile_s01/_street_images/44633/280.street_img_view25b288aea2e33d.jpg?20180619154816,0.028550719,-0.013003313,0,"['블랙', '쇼츠', '하의', '검정색', '섹시', '페미닌']",108,19.0,17.8,20.1
2018-09-21,//image.musinsa.com/mfile_s01/_street_images/44624/280.street_img_view15b288d13bee27.jpg?20180619154616,0.049956809000000005,-0.013876043000000001,0,"['점프슈트', '하의', '데님', '스트리트', '힙합']",108,19.4,17.6,21.9
2018-09-26,//image.musinsa.com/mfile_s01/_street_images/49305/280.street_img_view25c29b4c784e04.jpg?20181231204404,0.03450814,-0.00634434,0,"['와이드팬츠', '하의', '검정색', '스트리트', '힙합']",108,19.4,16.2,24.8
2018-09-27,//image.musinsa.com/mfile_s01/_street_images/45633/280.street_img_view25b4efacb36719.jpg?,0.044456475,-0.025564424,0,"['데님팬츠', '블루', '하의', '데님', '유니크', '키치']",108,18.9,13.2,25.0
2018-09-27,//image.musinsa.com/mfile_s01/_street_images/49073/280.street_img_view15c1225791b8ac.jpg?,0.050512799000000004,-0.0039645309999999994,0,"['조거팬츠', '카모', '하의', '카모', '스트리트', '힙합']",108,18.9,13.2,25.0
2018-09-28,//image.musinsa.com/mfile_s01/_street_images/48394/280.street_img_view25bf3b3139e5df.jpg?20181105094057,0.019390505,-0.032036221000000004,4,"['스커트', '체크', '하의', '체크']",108,17.5,14.3,22.2
2018-10-04,//image.musinsa.com/mfile_s01/_street_images/45108/280.street_img_view15b275853af73d.jpg?,-0.00387531,-0.021293344,4,"['팬츠', '블랙', '하의', '검정색', '심플', '캐주얼']",108,19.3,13.0,25.6
2018-10-04,//image.musinsa.com/mfile_s01/_street_images/47265/280.street_img_view25bb5922a3b643.jpg?20181019154340,-0.000662678,-0.017687043,4,"['조거팬츠', '블랙', '하의', '검정색', '심플', '캐주얼']",108,19.3,13.0,25.6
2018-10-05,//image.musinsa.com/mfile_s01/_street_images/45959/280.street_img_view25b67ee20569e1.jpg?,-0.007210468,-0.027495936000000002,4,"['체크', '미니스커트', '하의', '체크', '심플', '캐주얼']",108,16.9,15.7,19.0
2018-10-05,//image.musinsa.com/mfile_s01/_street_images/49027/280.street_img_view25c0f1e49739a9.jpg?20181211095204,0.030372415,-0.008755928,0,"['팬츠', '블랙', '하의', '검정색', '스트리트', '힙합']",108,16.9,15.7,19.0
2018-10-11,//image.musinsa.com/mfile_s01/_street_images/48035/280.street_img_view25bcee89ebdf7d.jpg?20181023183922,0.035273715,-0.00615731,0,"['트랙팬츠', '블랙', '하의', '검정색', '스트리트', '힙합']",108,9.7,6.1,13.9
2018-10-16,//image.musinsa.com/mfile_s01/_street_images/45539/280.street_img_view15b4d6f51036d2.jpg?,0.031916068,-0.003404675,0,"['스커트', '레드', '하의', '빨간색', '유니크', '키치']",108,14.5,9.9,20.3
2018-10-16,//image.musinsa.com/mfile_s01/_street_images/40519/280.street_img_view25a6ad9568463f.jpg?20180126175801,-0.004909589000000001,-0.023923101000000002,4,"['와이드팬츠', '하의', '회색', '심플', '캐주얼']",108,14.5,9.9,20.3
2018-10-17,//image.musinsa.com/mfile_s01/_street_images/48911/280.street_img_view25c06576530f17.jpg?20181204092820,0.00243562,-0.026498746,4,"['데님팬츠', '하의', '검정색', '심플', '캐주얼']",108,12.4,8.4,18.6
2018-10-18,//image.musinsa.com/mfile_s01/_street_images/48898/280.street_img_view15c0659b83dea1.jpg?,0.046955698,-0.010433615,0,"['트랙팬츠', '블루', '하의', '파랑색', '스트리트', '힙합']",108,12.7,7.5,19.0
2018-10-18,//image.musinsa.com/mfile_s01/_street_images/45953/280.street_img_view25b67f42ad7d8c.jpg?20180806182553,-0.006456246999999999,-0.022482934,4,"['트라우저', '하의', '회색', '심플', '캐주얼']",108,12.7,7.5,19.0
2018-10-18,//image.musinsa.com/mfile_s01/_street_images/42310/280.street_img_view25ad5b714dee22.jpg?,0.01165251,0.009815009,3,"['원피스', '스트라이프', '하의', '스프라이트']",108,12.7,7.5,19.0
2018-10-18,//image.musinsa.com/mfile_s01/_street_images/44461/280.street_img_view25b04ec8dd1810.jpg?,-0.005167202,-0.019753963,4,"['슬랙스', '블랙', '하의', '검정색', '심플', '캐주얼']",108,12.7,7.5,19.0
2018-10-18,//image.musinsa.com/mfile_s01/_street_images/47522/280.street_img_view25be13ca067a6f.jpg?20181016092130,0.025711735,-0.008716278000000001,0,"['트랙 팬츠', '아이보리', '하의', '베이지색', '스트리트', '힙합']",108,12.7,7.5,19.0
2018-10-18,//image.musinsa.com/mfile_s01/_street_images/41832/280.street_img_view25acf273974c08.jpg?20180313002223,0.01230573,0.012468331000000001,3,"['팬츠', '화이트', '하의', '흰색']",108,12.7,7.5,19.0
2018-10-21,//image.musinsa.com/mfile_s01/_street_images/45466/280.street_img_view15b46a7383343b.jpg?,0.048409494000000004,-0.015455276,0,"['데님팬츠', 'denim', 'pants', '하의', '스트리트', '힙합']",108,13.4,7.2,21.1
2018-10-22,//image.musinsa.com/mfile_s01/_street_images/45707/280.street_img_view25b584abd3b1cd.jpg?,0.042455655999999994,-0.021139194,0,"['데님쇼츠', '하의', '데님', '섹시', '페미닌']",108,14.0,8.8,20.6
2018-10-25,//image.musinsa.com/mfile_s01/_street_images/45457/280.street_img_view15b46ae000ecf7.jpg?,-0.006350635,-0.021287947999999998,4,"['미니스커트', '하의', '검정색', '심플', '캐주얼']",108,13.8,7.0,21.2
2018-10-30,//image.musinsa.com/mfile_s01/_street_images/49100/280.street_img_view25c175c3a804be.jpg?,0.031857732,-0.016281413,0,"['스커트', '블루', '하의', '파랑색', '유니크', '키치']",108,6.1,0.7,11.6
2018-10-30,//image.musinsa.com/mfile_s01/_street_images/45662/280.street_img_view25b554422c4c4d.jpg?,-0.005886051999999999,-0.017302553000000002,4,"['블랙진', '블랙팬츠', '하의', '검정색', '심플', '캐주얼']",108,6.1,0.7,11.6
2018-10-30,//image.musinsa.com/mfile_s01/_street_images/44656/280.street_img_view15b0ce215257b3.jpg?,0.043504595,-0.013089691,0,"['점프수트', '데님', '하의', '파랑색', '스트리트', '힙합']",108,6.1,0.7,11.6
2018-10-31,//image.musinsa.com/mfile_s01/_street_images/48236/280.street_img_view25bf64e0c863bc.jpg?,0.028988819,-0.010116599,0,"['치노팬츠', '하의', '베이지색', '스트리트', '힙합']",108,7.4,3.0,12.6
2018-11-06,//image.musinsa.com/mfile_s01/_street_images/42613/280.street_img_view25abb79932b4bf.jpg?20180328205032,0.001872631,-0.016179264,4,"['스커트', '옐로', '하의', '노란색', '심플', '캐주얼']",108,12.2,8.0,17.5
2018-11-06,//image.musinsa.com/mfile_s01/_street_images/47794/280.street_img_view25be93824d1119.jpg?20181112174026,0.017741501,-0.020073221000000002,4,"['스커트', '체크', '하의', '체크', '유니크', '키치']",108,12.2,8.0,17.5
2018-11-07,//image.musinsa.com/mfile_s01/_street_images/48922/280.street_img_view15c06551b04046.jpg?,0.025462237999999998,-0.013856905,0,"['스커트', '베이지', '하의', '베이지색', '스트리트', '힙합']",108,12.8,10.3,15.7
2018-11-13,//image.musinsa.com/mfile_s01/_street_images/47244/280.street_img_view25bb5d2be504e4.jpg?,0.016543027,-0.030821922,4,"['데님스커트', '블루', '하의', '데님', '심플', '캐주얼']",108,8.8,4.1,15.4
2018-11-13,//image.musinsa.com/mfile_s01/_street_images/49304/280.street_img_view25c29b5e0d9828.jpg?20181231204524,0.01687747,-0.035541426,4,"['데님팬츠', '하의', '데님', '심플', '캐주얼']",108,8.8,4.1,15.4
2018-11-13,//image.musinsa.com/mfile_s01/_street_images/46622/280.street_img_view15b90c4e60fdcd.jpg?,0.000612127,-0.02092143,4,"['쇼츠', '블랙', '하의', '검정색', '심플', '캐주얼']",108,8.8,4.1,15.4
2018-11-16,//image.musinsa.com/mfile_s01/_street_images/44906/280.street_img_view15b39e81ecb1a2.jpg?20180702191517,0.048202888,-0.030576365,0,"['데님팬츠', 'denim', 'pants', '하의']",108,8.8,4.2,14.5
2018-11-19,//image.musinsa.com/mfile_s01/_street_images/48598/280.street_img_view25bf25e583349d.jpg?20181119125829,0.012739414,-0.017897141000000002,4,"['팬츠', '베이지', '하의', '베이지색', '유니크', '키치']",108,6.5,3.3,11.3
2018-11-20,//image.musinsa.com/mfile_s01/_street_images/45761/280.street_img_view15b58399f19713.jpg?,0.055916215,-0.021919717000000002,0,"['데님팬츠', '블루', '하의', '데님', '스트리트', '힙합']",108,6.5,0.0,12.7
2018-12-03,//image.musinsa.com/mfile_s01/_street_images/45903/280.street_img_view15b62c47fc15d0.jpg?,-0.007494005,-0.018967014,4,"['숏팬츠', '블랙', '하의', '검정색', '심플', '캐주얼']",108,11.5,9.3,13.5
2018-12-04,//image.musinsa.com/mfile_s01/_street_images/47769/280.street_img_view25be927dce2bed.jpg?20181112161901,0.049740654,-0.000557075,0,"['트랙팬츠', '하의', '빨간색', '스트리트', '힙합']",108,6.7,-0.3,11.8
2018-12-05,//image.musinsa.com/mfile_s01/_street_images/48948/280.street_img_view25c088ed5a691d.jpg?20181217165055,0.02392352,-0.010890353,0,"['카고팬츠', '베이지', '하의', '베이지색', '스트리트', '힙합']",108,0.0,-4.3,3.4
2018-12-05,//image.musinsa.com/mfile_s01/_street_images/40162/280.street_img_view25a5ee7e835997.jpg?,-0.010048568,-0.026789848999999998,1,"['팬츠', '베이지', '하의', '베이지색', '심플', '캐주얼']",108,0.0,-4.3,3.4
2018-12-05,//image.musinsa.com/mfile_s01/_street_images/40875/280.street_img_view15a78498485fdf.jpg?20180205213518,0.036743884,-0.0031567340000000004,0,"['팬츠', '로맨틱크라운', '하의', '빨간색', '스트리트', '힙합']",108,0.0,-4.3,3.4
2018-12-11,//image.musinsa.com/mfile_s01/_street_images/46460/280.street_img_view25b7fb992385a2.jpg?20180824175308,0.034735921,-0.005195696,0,"['트랙클럽 벨루어 팬츠', '뉴발란스', '하의', '파랑색', '스트리트', '힙합']",108,0.2,-2.4,2.9
2018-12-14,//image.musinsa.com/mfile_s01/_street_images/41343/280.street_img_view25a9cb50d4d16f.jpg?20180223133612,0.03651331,-0.008863336,0,"['팬츠', '스타터', '하의', '파랑색', '스트리트', '힙합']",108,-4.4,-7.8,0.6
2018-12-16,//image.musinsa.com/mfile_s01/_street_images/44747/280.street_img_view25b3095e460037.jpg?,0.026507769,-0.011966568,0,"['미니스커트', '하의', '파랑색', '유니크', '키치']",108,0.0,-2.6,2.1
2018-12-17,//image.musinsa.com/mfile_s01/_street_images/44148/280.street_img_view25af939e4c8bd3.jpg?,0.01687747,-0.035541426,4,"['데님팬츠', '하의', '데님', '심플', '캐주얼']",108,1.6,-1.5,5.9
2018-12-17,//image.musinsa.com/mfile_s01/_street_images/45400/280.street_img_view15b441cec5daa2.jpg?,-0.002612228,-0.020897822,4,"['스커트', '블랙', '하의', '검정색', '심플', '캐주얼']",108,1.6,-1.5,5.9
2018-12-17,//image.musinsa.com/mfile_s01/_street_images/44930/280.street_img_view25b1e3974edcfa.jpg?20180612105047,0.057357412,-0.022710893,0,"['쇼츠', '데님', '하의', '데님', '스트리트', '힙합']",108,1.6,-1.5,5.9
2018-12-18,//image.musinsa.com/mfile_s01/_street_images/42750/280.street_img_view25ab8a89a3e9e4.jpg?20180326190534,0.049331204000000003,-0.01450203,0,"['미디스커트', '하의', '데님', '스트리트', '힙합']",108,2.6,-2.8,7.4
2018-12-19,//image.musinsa.com/mfile_s01/_street_images/48424/280.street_img_view25bf3b181213b9.jpg?20181107113148,-0.00387531,-0.021293344,4,"['팬츠', '블랙', '하의', '검정색', '심플', '캐주얼']",108,4.0,1.3,9.5
2018-12-19,//image.musinsa.com/mfile_s01/_street_images/45945/280.street_img_view15b643c44b186d.jpg?20180803011245,0.040697829,-0.0021243620000000003,0,"['오버롤', '하의', '보라색', '스트리트', '힙합']",108,4.0,1.3,9.5
2018-12-19,//image.musinsa.com/mfile_s01/_street_images/44339/280.street_img_view25b02723a048c4.jpg?,0.016543027,-0.030821922,4,"['데님스커트', '블루', '하의', '데님', '심플', '캐주얼']",108,4.0,1.3,9.5
2018-12-20,//image.musinsa.com/mfile_s01/_street_images/45908/280.street_img_view25b62c3c3825e5.jpg?20180731102856,-0.004974957,-0.019512235,4,"['와이드팬츠', '블랙', '하의', '검정색', '심플', '캐주얼']",108,3.4,-1.1,10.4
2018-12-21,//image.musinsa.com/mfile_s01/_street_images/39869/280.street_img_view25a5c8e5497926.jpg?,0.045450992999999995,-0.02398448,0,"['데님팬츠', '디스진', '하의', '데님', '섹시', '페미닌']",108,5.6,0.4,9.8
2018-12-21,//image.musinsa.com/mfile_s01/_street_images/45825/280.street_img_view15b617003b8ee2.jpg?,-0.005058585,-0.019025751,4,"['슬랙스', '트라우저', '하의', '검정색', '심플', '캐주얼']",108,5.6,0.4,9.8
2018-12-24,//image.musinsa.com/mfile_s01/_street_images/44544/280.street_img_view15b22466f3f950.jpg?,0.041027786000000004,-0.00618323,0,"['점프슈트', '하의', '파랑색', '스트리트', '힙합']",108,-2.3,-5.9,3.1
2018-12-27,//image.musinsa.com/mfile_s01/_street_images/43091/280.street_img_view25ac5fc2f0e87f.jpg?,0.009800168,-0.024111071,4,"['팬츠', '체크', '하의', '체크', '포멀', '클래식']",108,-10.1,-12.5,-6.5
2018-12-27,//image.musinsa.com/mfile_s01/_street_images/48273/280.street_img_view25bf3b3a5c9d4d.jpg?,-0.005066843,-0.022428818,4,"['와이드팬츠', '그레이', '하의', '회색', '심플', '캐주얼']",108,-10.1,-12.5,-6.5
2018-12-27,//image.musinsa.com/mfile_s01/_street_images/40401/280.street_img_view25a681eaeccb24.jpg?,-0.01139092,-0.017638917,1,"['오버롤팬츠', '하의', '녹색', '심플', '캐주얼']",108,-10.1,-12.5,-6.5
2018-12-28,//image.musinsa.com/mfile_s01/_street_images/45189/280.street_img_view25b2a2648a3347.jpg?,-0.00387531,-0.021293344,4,"['팬츠', '블랙', '하의', '검정색', '심플', '캐주얼']",108,-10.5,-14.4,-6.6
2018-12-28,//image.musinsa.com/mfile_s01/_street_images/44613/280.street_img_view15b223ff580b93.jpg?20180614202320,0.026304882,-0.021840531,0,"['테니스', '스커트', '하의', '회색']",108,-10.5,-14.4,-6.6
